Lowlands-Prodigy-Kathie,1
Lowlands-Prodigy-Kirstin,1
Lowlands-Prodigy-Megan,1
Lowlands-de Staat-Dick Pomper,1
Lowlands-de Staat-Margot,1
Lowlands-Foo Fighters-Astrid,1
Lowlands-Foo Fighters-Lars,1
Lowlands-Limp Bizkit-Koen,1
Lowlands-Limp Bizkit-Margot,1
Lowlands-Mumford and Son-Thijs,1
Lowlands-Mumford and Son-Tim,1
Lowlands-Stromae-Astrid,1
Lowlands-Stromae-Dana,1
Lowlands-Alt J-Kevin,1
Lowlands-Balkan Beats in de Lima-Cyril Snijders,1
Lowlands-Beastie Boys-Casper,1
Lowlands-Chrystal Fighters-Hilje,1
Lowlands-dreadzone-flow,1
Lowlands-Eddie the Eagle-anoniem,1
Lowlands-Elbow-Wendy,1
Lowlands-Empire of the Sun-Anoniem,1
Lowlands-James Blake-Robert,1
Lowlands-Kendrick Lamar-Rens,1
Lowlands-Major Lazer-Lynn,1
Lowlands-MGMT-Laura,1
Lowlands-Muse-Fieke ,1
Lowlands-Nothing but Thieves-Hanneke,1
Lowlands-nvt-Iris,1
Lowlands-Opgezwolle-Max,1
Lowlands-Paulo Nutini-Kyra,1
Lowlands-Pierce Brothers-Zonnetje 1999,1
Lowlands-Portishead-Stephan Okhuijsen,1
Lowlands-Queens of the Stone Age-Astrid,1
Lowlands-Snow Patrol-Marit,1
Lowlands-Tame Impala-Jorrit,1
Lowlands-Tash Sultana-Alicia,1
Lowlands-The Cat Empire-Fieke,1
Lowlands-Tom Odell-Cecilia,1
Lowlands-Typhoon-Tom,1
Lowlands-Vance Joy-Caroline,1
Pinkpop-Foo Fighters-Sanne,1
Pinkpop-Foo Fighters-Charlotte,1
Pinkpop-Greenday-Sharon,1
Pinkpop-Greenday-Nicky,1
Pinkpop-Imagine Dragons-Stan,1
Pinkpop-Imagine Dragons-Bas,1
Pinkpop-Kyteman-Tessa,1
Pinkpop-Kyteman-Ysanne,1
Pinkpop-Paul McCartney-Jana,1
Pinkpop-Paul McCartney-Bas,1
Pinkpop-Prodigy-Sanne,1
Pinkpop-Prodigy-Geert,1
Pinkpop-The Killers-Patrick,1
Pinkpop-the Killers-Charlotte,1
Pinkpop-Arcade Fire-Lynn,1
Pinkpop-Arctic Monkeys-Jair,1
Pinkpop-Bring me the horizon-Hidde,1
Pinkpop-Bruce Springsteen-Job,1
Pinkpop-Bush-Mark,1
Pinkpop-Doe Maar-Lammert,1
Pinkpop-Elbow-Patrick,1
Pinkpop-Linkin Park-Anja,1
Pinkpop-Macklemore-Dylan,1
Pinkpop-Martin Garrix-Lieke,1
Pinkpop-Muse-Manon,1
Pinkpop-Passenger-Gijs,1
Pinkpop-Pearl Jam-Jan,1
Pinkpop-Queens of the Stone Age-Sanne,1
Pinkpop-Ramones-Dylan,1
Pinkpop-Red Hot Chili Peppers-Bas,1
Pinkpop-Robbie Williams-Micha,1
Pinkpop-Sean Paul-Charlotte,1
Pinkpop-Thirty Seconds to Mars-Rebecca,1
Rock Werchter (inclusief Torhout)-Daft Punk-Hilje,1
Rock Werchter (inclusief Torhout)-Daft Punk-Casper,1
Rock Werchter (inclusief Torhout)-Daft Punk-Ruud,1
Rock Werchter (inclusief Torhout)-Editors-Marit,1
Rock Werchter (inclusief Torhout)-Editors-Brian,1
Rock Werchter (inclusief Torhout)-Arcade Fire-Bas,1
Rock Werchter (inclusief Torhout)-David Bowie-Cees Jan de Boer,1
Rock Werchter (inclusief Torhout)-Foo Fighters-Ellen,1
Rock Werchter (inclusief Torhout)-Iggy Pop-Eva,1
Rock Werchter (inclusief Torhout)-Kings of Lion-Danielle,1
Rock Werchter (inclusief Torhout)-Limp Bizkit-Anha,1
Rock Werchter (inclusief Torhout)-Mumford and son-Julia,1
Rock Werchter (inclusief Torhout)-Passenger-Marcella,1
Rock Werchter (inclusief Torhout)-Patrick Watson-Jerry Vermanen,1
Rock Werchter (inclusief Torhout)-Prince-Joost Broerse,1
Rock Werchter (inclusief Torhout)-Radiohead-Esm√©e,1
Rock Werchter (inclusief Torhout)-Smashing Pumpkins-Hilje,1
Rock Werchter (inclusief Torhout)-Stromae-Fieke,1
Rock Werchter (inclusief Torhout)-The Opposites-Fieke,1
Rock Werchter (inclusief Torhout)-Vampire Weekend-Rens,1
Sziget-Florence and the Machine-Maud,1
Sziget-Hurts-Wijnand,1
Sziget-M83-Alex,1
Sziget-Noel Gallagher-Mike,1
Sziget-Tame Impala-Peter,1
Sziget-Tom Odell-Dylan,1
Pukkelpop-Bear's Den-Luuk,1
Pukkelpop-Black Keys-Lotte,1
Pukkelpop-Elbow-Jacomijn,1
Pukkelpop-Major Lazer-Rachelle,1
Pukkelpop-Mumford and son-Julia ,1
Best kept secret-Arcade Fire-Jaap,1
Best kept secret-Editors-Sanne,1
Best kept secret-Wilco-Jaap,1
Concert at Sea-Direct-Marjolein,1
Concert at Sea-Kane-Florine,1
Down the Rabbit Hole-de Staat-Willemijn,1
Down the Rabbit Hole-Mura Masa-Mike,1
Appelsap-Fresku-Jeremy,1
Awakenings-Len Faki-Jordy,1
Bevrijdingsfestival-Heaven-Florence,1
Cactusfestival Brugge-Regina Spector-Anja,1
Eurosonic Noorderslag-Vant-Danielle,1
Fields of Rock-Audioslave-Max,1
Forta Rock XL-Rammstein-Dennis,1
Freshtival-Sean Paul-Leonie,1
Glastonbury-Tobias Ben Jacob-Nora,1
Mysteryland-Dead Mou5-Wijnand,1
Nieuw Zaailand-Kyteman-Tjitske,1
Paaspop-And so i watch you from afar-Anja,1
Parkcity Live-Racoon-Yvette,1
Parkfeest-Big Bazzookas-Kaj Moerenhout,1
Parkpop-Bloodhound Gang-Anja,1
Trailerpop-Green Lizard-Anja,1
Zwarte Cross-Chef'Special-Esmee,1